[
  {
    "username": "Marcelo",
    "senha": "2410",
    "data_criacao": "2025-06-20T02:39:07.547Z",
    "expira_em": "2035-04-29T02:39:07.546Z",
    "limite_conexoes": 1
  },
  {
    "username": "Carlos",
    "senha": "1234",
    "data_criacao": "2025-06-20T16:44:47.309Z",
    "expira_em": "2025-07-20T16:46:10.927Z",
    "limite_conexoes": 1,
    "ultima_atualizacao": "2025-06-20T16:46:11.949Z"
  },
  {
    "username": "Simone",
    "senha": "1234",
    "data_criacao": "2025-06-20T16:46:47.722Z",
    "expira_em": "2025-07-20T16:46:47.722Z",
    "limite_conexoes": 1
  },
  {
    "username": "Alessandra",
    "senha": "1234",
    "data_criacao": "2025-06-20T16:47:12.833Z",
    "expira_em": "2035-04-29T16:47:12.833Z",
    "limite_conexoes": 1
  },
  {
    "username": "Miguel",
    "senha": "1234",
    "data_criacao": "2025-06-20T16:47:52.586Z",
    "expira_em": "2035-04-29T16:47:52.586Z",
    "limite_conexoes": 1
  },
  {
    "username": "Kelly",
    "senha": "1234",
    "data_criacao": "2025-06-20T16:48:18.746Z",
    "expira_em": "2026-06-15T16:48:18.746Z",
    "limite_conexoes": 1
  },
  {
    "username": "Pereira",
    "senha": "2410",
    "data_criacao": "2025-06-20T17:06:51.824Z",
    "expira_em": "2035-04-29T17:06:51.824Z",
    "limite_conexoes": 1
  }
]